<?xml version="1.0" encoding="UTF-8"?>
<beans xmlns="http://www.springframework.org/schema/beans"
	xmlns:context="http://www.springframework.org/schema/context"
	xmlns:xsi="http://www.w3.org/2001/XMLSchema-instance"
	xmlns:aop="http://www.springframework.org/schema/aop"
	xmlns:tx="http://www.springframework.org/schema/tx"
	xmlns:jpa="http://www.springframework.org/schema/data/jpa"
	xsi:schemaLocation="
        http://www.springframework.org/schema/beans     
        http://www.springframework.org/schema/beans/spring-beans.xsd
        http://www.springframework.org/schema/context 
        http://www.springframework.org/schema/context/spring-context.xsd
        http://www.springframework.org/schema/aop http://www.springframework.org/schema/aop/spring-aop.xsd
             http://www.springframework.org/schema/data/jpa
     http://www.springframework.org/schema/data/jpa/spring-jpa.xsd
     http://www.springframework.org/schema/tx 
     http://www.springframework.org/schema/tx/spring-tx.xsd">
        
    <bean class="org.springframework.beans.factory.config.PropertyPlaceholderConfigurer">
		<property name="location">
			<value>classpath:com/accenture/lkm/resources/cst_conn.properties</value> <!-- class path is requried when runing from web app -->
		</property>
	</bean>
    
    <bean id="cst_DataSource" class="org.springframework.jdbc.datasource.DriverManagerDataSource" >
        <property name="driverClassName" value="${cst_db_driver}" />
        <property name="url" value="${cst_db_url}" />
        <property name="username" value="${cst_user}" />
        <property name="password" value="${cst_password}" />
    </bean>
 
    
    <!-- To Enable JPA Repository -->
	<jpa:repositories base-package="com.accenture.lkm.dao" 
			transaction-manager-ref="txManager" entity-manager-factory-ref="cst_entityManagerFactory"></jpa:repositories>
    
	<!-- entity manager factory -->
    <bean id="cst_entityManagerFactory"	class="org.springframework.orm.jpa.LocalContainerEntityManagerFactoryBean">
		<property name="dataSource" ref="cst_DataSource" />
		<property name="jpaVendorAdapter">
			<bean class="org.springframework.orm.jpa.vendor.HibernateJpaVendorAdapter">
				<property name="showSql" value="true" />
				<property name="generateDdl" value="true" />
				<property name="databasePlatform" value="org.hibernate.dialect.MySQLDialect" />
			</bean>
		</property>
		<property name="packagesToScan" value="com.accenture.lkm.entity"></property>
	</bean>
	
	
	<tx:annotation-driven  transaction-manager="txManager" />
	<bean id="txManager" class="org.springframework.orm.jpa.JpaTransactionManager">
		<property name="entityManagerFactory" ref="cst_entityManagerFactory" />
	</bean>
    
</beans>