<?xml version="1.0" encoding="UTF-8"?>
<entity-mappings version="1.0" xmlns="http://java.sun.com/xml/ns/persistence/orm"
    xmlns:xsi="http://www.w3.org/2001/XMLSchema-instance"
    xsi:schemaLocation="http://java.sun.com/xml/ns/persistence/orm http://java.sun.com/xml/ns/persistence/orm_1_0.xsd">

    <named-query name="EmployeeDAO.stringFunctions">
        <query>select k, UPPER(k.name),LOWER(k.name),SUBSTRING(k.name,1,2),LENGTH(k.name)  from EmployeeEntity k</query>
    </named-query>
  
    
    <named-query name="EmployeeDAO.groupByExampleNamed">
        <query>Select avg(k.salary), k.role from EmployeeEntity k group by k.role</query>
    </named-query>
</entity-mappings>